Modelo,Exactitud,Precision,Sensibilidad,Especificidad,F1,AUC-ROC,AP,Dice Score,MCC,Tiempo Inferencia (s)
3D ResNet50 SE,0.9795918367346939,0.9743589743589743,0.9743589743589743,0.9830508474576272,0.9743589743589743,0.9693611473272491,0.9514287653092822,0.9743589743589743,0.9574098218166015,2.8
3D DenseNet121 AE,0.9438775510204082,0.935064935064935,0.9230769230769231,0.9576271186440678,0.9290322580645162,0.9279661016949151,0.9206107752553296,0.9290322580645162,0.8826722051714361,2.6
3D ResNet50,0.9132653061224489,0.8860759493670886,0.8974358974358975,0.923728813559322,0.89171974522293,0.9118861364624077,0.8216033254984305,0.89171974522293,0.8194304646855746,2.4
3D DenseNet121,0.8316326530612245,0.8688524590163934,0.6794871794871795,0.9322033898305084,0.762589928057554,0.8221968709256846,0.7713350285273127,0.762589928057554,0.6466783002031872,2.3
CNN 3D Personalizada,0.6020408163265306,0.5,0.5897435897435898,0.6101694915254238,0.5411764705882353,0.5686657974793569,0.44398266869944225,0.5411764705882353,0.19607351509310003,0.8
