Modelo;Precisión;Sensibilidad;Especificidad;F1-Score;AUC-ROC;AP;Dice Score;MCC;Tiempo Inferencia (s)
3D ResNet50;0.6479591836734694;0.2564102564102564;0.9067796610169492;0.3669724770642202;0.5884398087787919;0.5420175060750341;0.3669724770642202;0.21890657629409424;2.4
3D DenseNet121;0.5561224489795918;0.5256410256410257;0.576271186440678;0.48520710059171596;0.6043024771838331;0.5177154754621305;0.48520710059171596;0.10002284141679997;2.9
CNN 3D Personalizada;0.6020408163265306;0.0641025641025641;0.9576271186440678;0.11363636363636363;0.5404172099087353;0.44821431528541844;0.11363636363636363;0.04833761502721829;1.7
